Hashtags,Platform,Likes,Retweets
 #AI #TechConference                     ,Facebook,50,25
 #AcademicFrustration #HighSchoolStress ,Facebook,38,19
 #Acceptance #BeautifulChaos              ,Instagram,36,18
 #Acceptance #Challenges                     ,Facebook,30,15
 #Acceptance #Diversity                      ,Twitter,45,22
 #Acceptance #ImperfectJourney            ,Twitter,36,18
 #Acceptance #LifeJourney                   ,Facebook,30,15
 #Acceptance #LifeJourney                   ,Instagram,30,15
 #Acceptance #SelfLoveJourney              ,Facebook,30,15
 #Acceptance #UnpredictableArt            ,Facebook,36,18
 #Accomplished #Success               ,Instagram,45,22
 #Accomplishment #FitnessSuccess         ,Facebook,45,22
 #Accomplishment #HappinessMilestone ,Facebook,55,28
 #Accomplishment #SunriseHues ,Facebook,55,28
 #Admiration #HandcraftedArt               ,Instagram,50,25
 #Admiration #MarathonRecords ,Instagram,45,22
 #Admiration #Nature                         ,Twitter,40,20
 #Admiration #Volunteers                     ,Twitter,40,20
 #Adoration #PetLove                         ,Twitter,45,22
 #Adoration #PuppyLove                       ,Twitter,45,22
 #Adrenaline #RollercoasterThrills      ,Facebook,45,22
 #Adventure #CulinaryJourney             ,Twitter,70,35
 #Adventure #RoadTripMemories ,Twitter,70,35
 #Adventure #SnowPeakDance ,Twitter,45,22
 #Affection #FamilyLove                      ,Instagram,30,15
 #Affection #PositiveVibes                   ,Instagram,30,15
 #AgedToPerfection #SeniorCheers ,Instagram,70,35
 #AgingGracefully #Memories ,Twitter,55,28
 #Amazement #AncientTales ,Twitter,60,30
 #Ambivalence #AutumnWaltz ,Facebook,28,14
 #Ambivalence #ConflictingEmotions        ,Twitter,30,15
 #Ambivalence #ConflictingFeelings        ,Instagram,25,12
 #Ambivalence #CrossroadsConfusion        ,Instagram,30,15
 #Ambivalence #ShadesOfUncertainty       ,Facebook,30,15
 #Ambivalence #UncertainChoices             ,Twitter,25,12
 #Amusement #FunTimes                         ,Instagram,35,18
 #Amusement #PetAntics                       ,Instagram,35,18
 #Amusement #PlayfulKittens               ,Facebook,30,15
 #Anger #Argument                             ,Twitter,40,20
 #Anticipation #Adventure                    ,Instagram,40,20
 #Anticipation #AdventureAwaits           ,Twitter,80,40
 #Anticipation #MovieRelease                 ,Instagram,40,20
 #Anxiety #Restlessness                      ,Facebook,20,10
 #Anxiety #Worry                               ,Instagram,25,12
 #Appreciation #CulturalExperience        ,Twitter,55,28
 #Apprehensive #BalancingAct ,Twitter,28,14
 #Apprehensive #StormOfDoubt ,Instagram,28,14
 #Arousal #AdventureTime                       ,Instagram,40,20
 #Arousal #Excitement                           ,Twitter,40,20
 #Arousal #FestivalExcitement               ,Instagram,40,20
 #Arousal #TravelAdventure                     ,Twitter,40,20
 #Art #GalleryExplore                    ,Facebook,30,15
 #Art #PaintingInProgress             ,Facebook,25,12
 #ArtCollaboration #HighSchoolCreativity ,Instagram,43,22
 #ArtDiscovery #SeniorArtist ,Facebook,45,22
 #ArtisticBurst #StudioCreativity       ,Twitter,30,15
 #ArtisticExpression #HighSchoolCreativity ,Instagram,44,23
 #ArtisticMishaps #HighSchoolArt ,Instagram,45,22
 #AthleticAchievement #HighSchoolSports ,Twitter,51,26
 #Awe #AncientCivilizations ,Facebook,55,28
 #Awe #ArchitecturalGrandeur            ,Facebook,70,36
 #Awe #Breathtaking                          ,Facebook,45,22
 #Awe #BreathtakingSunrise                   ,Instagram,55,28
 #Awe #EarthsGrandeur ,Instagram,50,25
 #Awe #EngineeringMarvels ,Twitter,35,18
 #Awe #GolfVictory ,Instagram,45,22
 #Awe #StarryNight                        ,Facebook,45,22
 #BadDay #HighSchoolBlues ,Facebook,40,20
 #BadHairDay #HighSchoolConfidence ,Instagram,36,18
 #BadLuck #HighSchoolWeather ,Twitter,35,18
 #BadLuckDay #HighSchoolStruggles ,Twitter,50,25
 #BakingAdventures #HighSchoolBakes ,Instagram,43,21
 #Betrayal #ClosingWalls ,Instagram,30,15
 #Betrayal #PoisonedTrust ,Instagram,50,25
 #Betrayal #ReverberatingPromises ,Facebook,50,25
 #Betrayal #ShatteredTrust               ,Twitter,45,22
 #Betrayal #ShatteredVows ,Facebook,30,15
 #BikeRide #ScenicTrails                ,Instagram,35,18
 #BingeWatchDay #TeenLife ,Facebook,70,35
 #Birthday #Celebration                  ,Facebook,30,15
 #BirthdayParty #HighSchoolCelebration ,Twitter,45,22
 #Bitter #Unfairness                         ,Twitter,30,15
 #BitterExperience #CustomerService         ,Facebook,35,18
 #BitterLesson #Growth                      ,Facebook,35,18
 #Bitterness #BitterAftertaste ,Instagram,20,10
 #Bitterness #IciclesOfResentment ,Twitter,30,15
 #Bitterness #ResentmentWeb ,Facebook,24,12
 #Bitterness #StainedTrust ,Instagram,30,15
 #Bitterness #WoundedHeart              ,Facebook,50,25
 #Bittersweet #Farewell                     ,Instagram,40,20
 #Blessed #SupportiveCommunity            ,Instagram,35,18
 #Blogging #NewPost                      ,Instagram,45,22
 #BloggingJourney #TeenThoughts ,Twitter,60,30
 #BookClub #HighSchoolReads ,Facebook,38,19
 #BookDiscoveries #TeenReading ,Twitter,60,30
 #BookRelease #FavoriteAuthor           ,Instagram,25,12
 #BookishTalks #SeniorBookworms ,Instagram,45,22
 #Boredom #LackOfInterest                     ,Twitter,15,8
 #Boredom #Monotony                          ,Instagram,15,7
 #Boredom #Stagnation                        ,Facebook,15,7
 #Breakthrough #ScientificDiscovery ,Twitter,55,28
 #Brunch #Friends                       ,Instagram,30,15
 #BurgerQuest #HighSchoolFoodie ,Twitter,42,24
 #CafeteriaDrama #HighSchoolTension ,Instagram,41,21
 #Calmness #InnerPeace                      ,Twitter,30,15
 #Calmness #Mindfulness                      ,Facebook,30,15
 #Calmness #PeacefulMind                    ,Twitter,30,15
 #Calmness #RainyDays                        ,Twitter,35,18
 #Captivation #GladiatorTales ,Twitter,50,25
 #Captivation #TennisRivalry ,Twitter,55,28
 #Career #Milestone                      ,Facebook,25,12
 #CareerDevelopment #HighSchoolJobs ,Facebook,48,24
 #CartwheelChallenge #HighSchoolAthlete ,Twitter,52,27
 #Celebration #MJTribute ,Instagram,50,25
 #CelestialWonder #Stargazing ,Facebook,35,18
 #CelestialWonders #SeniorAstronomy ,Twitter,35,18
 #Challenge #WeightliftingFailure ,Facebook,70,35
 #Charm #SinatraTribute ,Twitter,45,22
 #ChemistryWizard #HighSchoolScientist ,Instagram,55,28
 #CherishedPlaces #SeniorTravel ,Facebook,45,22
 #ChildhoodMemories #TeenCartoons ,Twitter,45,22
 #CityExplore #HiddenGems                ,Facebook,25,12
 #ClassEvent #TeenExcitement ,Facebook,35,18
 #Coding #Enthusiasm                   ,Facebook,60,30
 #CodingAdventure #HighSchoolCoderLife ,Twitter,50,25
 #CodingTriumph #HighSchoolTech ,Twitter,48,24
 #CollegeDreams #HighSchoolJourney ,Facebook,37,19
 #Colorful #KatyPerry ,Instagram,45,22
 #CommunityArt #SeniorCreativity ,Facebook,55,28
 #CommunityGiving #HighSchoolPhilanthropy ,Twitter,42,22
 #CommunityService #HighSchoolVolunteer ,Instagram,39,20
 #Compassion #CharityEvent                   ,Instagram,35,18
 #Compassion #CommunityKindness               ,Instagram,35,18
 #Compassion #HolidaySupport                   ,Facebook,35,18
 #Compassion #VolunteerWork                   ,Facebook,35,18
 #Compassionate #ShowerOfEmpathy ,Twitter,36,18
 #Compassionate #TearsOfEmpathy ,Facebook,42,21
 #Compassionate #TearsOfEmpathy ,Instagram,84,42
 #Confidence #OvercomingAnxiety          ,Instagram,30,15
 #Confident #DanceOfLife ,Facebook,92,46
 #Confident #FootprintsOfAssuredness ,Instagram,50,25
 #Confusion #DecisionMaking                 ,Instagram,50,25
 #Confusion #LabyrinthOfThoughts          ,Twitter,28,14
 #Confusion #LifeChoices                     ,Instagram,60,30
 #Confusion #LifePuzzle                     ,Facebook,20,10
 #Confusion #MakingSense                    ,Instagram,50,25
 #Confusion #PerplexedMind                ,Instagram,28,14
 #Confusion #ThoughtLabyrinth              ,Facebook,28,14
 #Confusion #ThoughtLabyrinth              ,Twitter,30,15
 #Connection #U2Anthem ,Instagram,50,25
 #Contemplation #DeepMeanings ,Instagram,55,28
 #Contemplation #StarryNight               ,Twitter,55,28
 #Contentment #FamilyLaughter             ,Facebook,50,25
 #Contentment #FreshBreadAroma          ,Instagram,55,28
 #Contentment #GoldenGlow ,Facebook,36,18
 #Contentment #HomeCooking                     ,Facebook,50,25
 #Contentment #InnerPeace ,Facebook,50,25
 #Contentment #Love                             ,Twitter,60,30
 #Contentment #Nature                           ,Facebook,50,25
 #Contentment #SundayMood                      ,Twitter,60,30
 #Contentment #TranquilWaters ,Instagram,80,40
 #Cooking #Food                           ,Instagram,25,12
 #Cooking #SpecialDinner                ,Instagram,40,20
 #CookingSuccess #TeenCook ,Twitter,50,25
 #Coziness #WarmWinterEvening           ,Instagram,120,60
 #CozyNight #MovieTime                   ,Twitter,35,18
 #CreativeExpressions #SeniorArt ,Facebook,50,25
 #CreativeInspiration #CoffeeJourney ,Twitter,45,22
 #Creativity #ArtistsHaven               ,Twitter,30,15
 #Creativity #LadyGaga ,Twitter,70,35
 #Creativity #StreetArtVibes ,Instagram,45,22
 #CreativityAtAnyAge #SeniorCreativity ,Twitter,45,22
 #CrushFail #HighSchoolEmbarrassment ,Twitter,60,30
 #CrushStruggles #AvoidingEyeContact ,Twitter,30,15
 #CulinaryAdventure #StreetFoodDelights ,Instagram,70,35
 #CulinaryOdyssey #FlavorsAroundTheWorld ,Twitter,70,35
 #CulturalCelebration #HighSchoolUnity ,Facebook,43,21
 #CulturalDay #TeenCuriosity ,Facebook,40,20
 #Curiosity #AncientDiscovery          ,Facebook,35,18
 #Curiosity #AncientMysteries          ,Instagram,35,18
 #Curiosity #AncientMysteries            ,Facebook,35,18
 #Curiosity #FearlessExplorer              ,Facebook,44,22
 #Curiosity #KnowledgeQuest                ,Instagram,40,20
 #Curiosity #LabyrinthOfQuestions ,Instagram,34,17
 #Curiosity #Learning                        ,Twitter,30,15
 #Curiosity #NewHorizons                  ,Facebook,45,22
 #Curiosity #SeekerOfKnowledge            ,Instagram,45,22
 #Curiosity #TreasuresOfDiscovery ,Instagram,45,22
 #DIYGoals #TeenCreative ,Instagram,70,35
 #DanceFail #HighSchoolTikTok ,Facebook,50,25
 #DanceLife #SeniorMoves ,Twitter,35,18
 #Darkness #SoulEngulfed                 ,Facebook,55,28
 #Dazzle #MasqueradeElegance            ,Facebook,55,28
 #DebateSkills #HighSchoolIntellect ,Twitter,43,22
 #DebateWarrior #HighSchoolDebater ,Facebook,35,18
 #Desolation #ScatteredHope ,Twitter,40,20
 #Desolation #ShatteredHopes ,Twitter,40,20
 #Desolation #UntoldSorrows ,Facebook,55,28
 #Desolation #WhisperedLoss ,Facebook,55,28
 #Despair #AbyssOfHeartache             ,Instagram,80,40
 #Despair #DarkDays                          ,Facebook,20,10
 #Despair #DeepDescent ,Twitter,40,20
 #Despair #EchoingSilence ,Instagram,16,8
 #Despair #EndlessDarkness               ,Instagram,55,28
 #Despair #EndlessReverberation ,Facebook,55,28
 #Despair #Hopeless                           ,Instagram,20,10
 #Despair #LabyrinthOfHopelessness ,Facebook,16,8
 #Despair #OwnGoal ,Twitter,45,22
 #Despair #Struggle                              ,Twitter,10,5
 #Despair #UnraveledHope ,Facebook,35,18
 #Desperation #GlimmerOfHope            ,Instagram,45,22
 #Dessert #Cooking                      ,Facebook,25,12
 #Determination #AchieveTheImpossible       ,Facebook,20,10
 #Determination #Challenges                  ,Twitter,30,15
 #Determination #CyclingChampion ,Facebook,70,35
 #Determination #DreamsIntoReality        ,Twitter,35,18
 #Determination #ExtraordinaryPath        ,Facebook,40,20
 #Determination #SculptingDreams          ,Twitter,40,20
 #Determination #UnparalleledHeights      ,Instagram,40,20
 #Devastated #EchoesOfShatteredDreams ,Instagram,50,25
 #Devastated #ShatteredTrust ,Instagram,50,25
 #Devastated #WindsOfBrokenPromises ,Twitter,50,25
 #Disappointed #BadService                   ,Twitter,35,18
 #Disappointed #Project                     ,Twitter,35,18
 #Disappointment #CrushedHopes          ,Twitter,40,20
 #Disappointment #HighSchoolSports ,Twitter,34,17
 #Disappointment #SoccerDefeats ,Twitter,80,40
 #DiscoverNewPlaces #SeniorTravel ,Instagram,60,30
 #Disgust #Corruption                        ,Instagram,15,7
 #Disgust #Corruption                         ,Twitter,35,18
 #Disgust #Environment                        ,Twitter,35,18
 #Disgust #Injustice                          ,Twitter,15,7
 #Dismissive #ImpenetrableWalls ,Twitter,28,14
 #Dismissive #IndifferencePerformance ,Instagram,48,24
 #DoodleMaster #HighSchoolArt ,Twitter,40,20
 #DramaClubStar #HighSchoolActor ,Facebook,50,25
 #DreamChaser #SkyHighDreams              ,Twitter,60,30
 #Ecstasy #MetallicaConcert ,Facebook,70,35
 #EfficiencyGoals #HighSchoolSkills ,Twitter,44,23
 #Elation #FitnessMilestone                   ,Instagram,50,25
 #Elation #FriendshipReunion                  ,Facebook,50,25
 #Elation #HiddenGem                            ,Twitter,40,20
 #Elation #Memories                             ,Twitter,40,20
 #Elation #OldFriends                          ,Instagram,50,25
 #Elation #PersonalAchievement                ,Facebook,50,25
 #Elation #RareBookDiscovery              ,Instagram,80,40
 #Elegance #BallroomDance                ,Facebook,55,28
 #Emotion #AdeleConcert ,Instagram,80,40
 #Emotion #AdeleMelodies ,Facebook,60,30
 #EmotionalStorm #SadnessWhirlwind      ,Instagram,60,30
 #Empathetic #LanternOfCompassion ,Facebook,64,32
 #Empathetic #TapestryOfUnderstanding ,Instagram,30,15
 #Empowerment #Community                        ,Twitter,30,15
 #Empowerment #HikingAdventure             ,Instagram,70,35
 #Empowerment #Mentorship                      ,Twitter,30,15
 #Empowerment #PersonalGrowth                  ,Instagram,50,25
 #Empowerment #SkillBuilding                   ,Instagram,50,25
 #Enchantment #ChildhoodFantasies ,Instagram,60,30
 #Enchantment #CosmicFireflies             ,Instagram,50,25
 #Enchantment #FireflyField              ,Instagram,50,25
 #Enchantment #TaylorSwift ,Facebook,60,30
 #Energy #BeyonceConcert ,Twitter,70,35
 #Engagement #WebSeriesJourney ,Facebook,60,30
 #Enjoyment #BookTime                         ,Facebook,50,25
 #Enjoyment #Travel                           ,Facebook,50,25
 #Enthusiasm #ArtisticProject                 ,Instagram,30,15
 #Enthusiasm #Creativity                       ,Facebook,30,15
 #Enthusiasm #HomeImprovement                 ,Facebook,30,15
 #Enthusiasm #HopefulJourney ,Instagram,60,30
 #Enthusiasm #JustinBieber ,Instagram,80,40
 #Enthusiasm #NewProject                       ,Instagram,30,15
 #Enthusiasm #SkillBuilding               ,Twitter,60,30
 #Envious #BitterPill ,Twitter,40,20
 #Envious #DesireForKeys ,Twitter,40,20
 #Envious #GildedPrize ,Facebook,40,20
 #EnvironmentalEfforts #HighSchoolCommunity ,Twitter,50,26
 #EnvisioningHistory #MuseumTales ,Twitter,55,28
 #Envy #Desire                                ,Instagram,20,10
 #Envy #Success                              ,Facebook,20,10
 #Euphoria #ArianaGrande ,Facebook,70,35
 #Euphoria #BirthdaySurprise                   ,Instagram,30,15
 #Euphoria #LiveMusic                          ,Facebook,30,15
 #Euphoria #PerfectPuzzle               ,Instagram,40,20
 #Euphoria #ProductLaunchSuccess              ,Facebook,30,15
 #Euphoria #PuzzleCompletion            ,Instagram,40,20
 #Euphoria #Victory                             ,Instagram,30,15
 #Excitement #BookTime                       ,Instagram,35,18
 #Excitement #CricketChampionship ,Facebook,60,30
 #Excitement #IgnitedSoul ,Facebook,60,30
 #Excitement #MoviePremiereThrills ,Twitter,80,40
 #Excitement #SnowfallMagic             ,Twitter,45,22
 #Excitement #SurpriseCelebration         ,Facebook,60,30
 #Excitement #SurpriseParty                 ,Facebook,45,22
 #Excitement #SymphonyOfSpeed ,Facebook,45,22
 #Excitement #TravelPlans                   ,Facebook,45,22
 #Excitement #UrbanEnergy ,Instagram,70,35
 #Excitement #VacationCountdown        ,Instagram,60,30
 #Excitement #WeekendAdventure               ,Twitter,50,25
 #Exhaustion #CrushedSpirit             ,Instagram,70,35
 #Exploration #JapaneseTraditions ,Twitter,35,18
 #Exploration #KhmerStories ,Instagram,40,20
 #FamilyTime #Weekend                    ,Facebook,45,22
 #FantasyBookNerd #HighSchoolReader ,Instagram,70,35
 #FashionGoals #TeenStyle ,Twitter,40,20
 #Fear #ThrillerMovie                         ,Instagram,30,15
 #Fear #Unknown                               ,Instagram,30,15
 #Fearful #ImaginedHorrors ,Facebook,36,18
 #Fearful #LurkingMonsters ,Twitter,36,18
 #Fearful #SpecterOfTheUnknown ,Twitter,26,13
 #FestiveJoy #SummerCarnival             ,Facebook,45,22
 #FirstDayOops #HighSchoolEmbarrassment ,Twitter,32,16
 #Fitness #ChallengeAccepted             ,Twitter,40,20
 #Fitness #Workout                        ,Instagram,40,20
 #FitnessChallenge #NewBeginnings       ,Facebook,45,22
 #FreeSpirit #PaintingTheSky ,Instagram,40,20
 #FreeSpirit #WingsOfDreams ,Twitter,88,44
 #Freedom #CoastalAdventure              ,Twitter,60,30
 #Friendship #CamaraderieBlooms ,Instagram,60,30
 #FriendshipAdventures #SeniorNostalgia ,Instagram,60,30
 #FriendshipBracelets #HighSchoolCrafts ,Instagram,37,19
 #FriendshipGoals #HighSchoolMemories ,Facebook,40,20
 #FriendshipGoals #SeniorBonding ,Twitter,55,28
 #FriendshipSunshine #SeniorMemories ,Twitter,60,30
 #Frustrated #LabyrinthOfMiscommunication ,Facebook,28,14
 #Frustrated #MosaicOfDisappointment ,Instagram,30,15
 #Frustrated #MosaicOfDisappointment ,Twitter,30,15
 #Frustrated #SlippingThreads ,Facebook,28,14
 #Frustrated #UnsolvablePuzzle ,Instagram,24,12
 #Frustration #EmotionalOutburst            ,Instagram,25,12
 #Frustration #EmotionalOutburst             ,Twitter,25,12
 #Frustration #Obstacles                       ,Facebook,20,10
 #Frustration #TennisSetback ,Instagram,70,35
 #Fulfillment #FitnessGoals                   ,Twitter,45,22
 #Fulfillment #HelpingOthers                  ,Facebook,45,22
 #Fulfillment #Milestone                       ,Facebook,45,22
 #Fulfillment #PuzzleChallenge                ,Twitter,45,22
 #GameOn #TeenGamer ,Instagram,45,22
 #Gaming #LateNight                      ,Twitter,35,18
 #Gaming #Tournament                     ,Instagram,60,30
 #GardenFriends #SeniorGreenThumb ,Twitter,55,28
 #Gardening #Spring                     ,Twitter,50,25
 #GetawayGoals #TeenTravel ,Instagram,35,18
 #GlobalFriendship #HighSchoolCorrespondence ,Facebook,45,23
 #GracefulMoves #SeniorDance ,Twitter,40,20
 #Grandeur #IcyMasterpiece ,Instagram,45,22
 #Grateful #BlossomingConnection ,Facebook,40,20
 #Grateful #GoldenHues ,Instagram,76,38
 #Grateful #GuidingStar ,Twitter,38,19
 #Gratitude #Blessed                            ,Instagram,60,30
 #Gratitude #CommunitySupport                   ,Instagram,60,30
 #Gratitude #FamilyLaughter              ,Facebook,90,44
 #Gratitude #LifeLessons                    ,Twitter,70,35
 #Gratitude #MorningCoffee                 ,Twitter,45,22
 #Gratitude #OscarWinningMoment ,Facebook,35,18
 #Gratitude #PositiveVibes              ,Twitter,50,25
 #Gratitude #ShowerOfThankfulness ,Facebook,55,28
 #Gratitude #SmallJoys                        ,Facebook,30,15
 #Gratitude #Supportive                        ,Facebook,30,15
 #Gratitude #ThankfulMelody ,Twitter,45,22
 #Gratitude #WarmTea                    ,Twitter,35,18
 #Grief #EmotionalStorm                      ,Twitter,25,12
 #Grief #Loss                                   ,Instagram,15,8
 #Grief #LostFriendship                  ,Facebook,45,22
 #Grief #LostJoyFootsteps ,Facebook,35,18
 #Grief #LostLoveLonging ,Facebook,50,25
 #Grief #MelancholicMelody ,Facebook,45,22
 #Grief #SilentTears ,Instagram,60,30
 #Grief #Tears                                ,Facebook,25,12
 #Grief #TornApart                       ,Facebook,55,28
 #HackySackChallenge #HighSchoolAthlete ,Instagram,48,26
 #HairExperiment #HighSchoolStyle ,Instagram,39,20
 #HandstandChallenge #HighSchoolAthlete ,Facebook,55,28
 #Happiness #BoundlessLaughter ,Facebook,60,30
 #Happiness #Celebration                   ,Instagram,60,30
 #Happiness #NewFamilyMember                 ,Instagram,60,30
 #Happiness #SpiritLifter ,Twitter,70,35
 #Happiness #SunnyDay                      ,Twitter,30,15
 #HappinessInFood #SeniorLife ,Instagram,50,25
 #Harmony #MusicalUnity                   ,Instagram,140,70
 #Harmony #OrchestraMelody ,Facebook,35,18
 #HealthyLiving #HighSchoolWellness ,Instagram,42,23
 #Heartache #LoveSongLonging ,Instagram,60,30
 #Heartbreak #CalmAfterStorm ,Twitter,45,22
 #Heartbreak #LostLove                    ,Instagram,30,15
 #Heartbreak #RippleOfDespair ,Twitter,45,22
 #Heartwarming #HockeyFinalsComeback ,Instagram,45,22
 #HeartwarmingMoments #SeniorFamily ,Instagram,70,35
 #Helplessness #Overwhelmed                    ,Twitter,15,8
 #Helplessness #Struggling                   ,Instagram,15,8
 #Hope #BusinessVenture                        ,Facebook,45,22
 #Hope #ColdplayMagic ,Instagram,60,30
 #Hope #NewBeginnings                          ,Twitter,35,18
 #Hope #Optimism                                ,Facebook,45,22
 #Hope #PersonalDevelopment                    ,Twitter,35,18
 #Hopeful #BrighterTomorrows ,Twitter,60,30
 #Hopeful #CanvasOfDreams ,Instagram,24,12
 #Hopeful #SailorOfDreams ,Twitter,68,34
 #Hopeful #SeedsOfOptimism ,Instagram,84,42
 #Hopeful #SunriseOfPossibilities ,Facebook,24,12
 #Hypnotic #ShakiraRhythms ,Facebook,55,28
 #Iconic #GNRConcert ,Twitter,45,22
 #Imagination #LiteraryEscape ,Facebook,70,35
 #Immersion #CaptivatingNovel           ,Twitter,40,20
 #Indifference #DigitalOverload              ,Instagram,15,7
 #Indifference #DriftingThroughLife       ,Facebook,18,9
 #Indifference #DriftingThroughLife       ,Twitter,18,9
 #Indifference #FloatingThroughLife        ,Facebook,20,10
 #Indifference #SilentObserver            ,Instagram,18,9
 #Injustice #Angry                            ,Twitter,40,20
 #InnerJourney #MeditationBliss          ,Instagram,70,35
 #Inspiration #BrilliantTrails ,Twitter,35,18
 #Inspiration #ColorfulSunset             ,Instagram,60,30
 #Inspiration #ForestWhispers            ,Facebook,110,56
 #Inspiration #HiddenGemDiscovery ,Twitter,45,22
 #Inspiration #OlympicAchievement ,Twitter,70,35
 #Inspiration #Workshop                  ,Instagram,50,25
 #Inspired #CloudsOfCreativity ,Twitter,72,36
 #Inspired #CreativePhoenix ,Twitter,30,15
 #Inspired #TalesToTheStars ,Facebook,56,28
 #InstrumentLearning #TeenMusic ,Instagram,55,28
 #Intimidation #FacingFear                   ,Twitter,30,15
 #Intimidation #Fear                           ,Facebook,30,15
 #Intrigue #AbstractArt                   ,Twitter,35,18
 #Isolation #EmotionalWinter            ,Instagram,70,35
 #Isolation #SilentSolitude ,Instagram,60,30
 #Jealous #BloomingAchievements ,Twitter,32,16
 #Jealous #GreenEyedMonster ,Facebook,32,16
 #Jealous #HeartOfDiscontent ,Twitter,32,16
 #Jealousy #Envy                               ,Twitter,25,12
 #Jealousy #Insecurity                       ,Instagram,15,8
 #Jealousy #Resentment                       ,Facebook,15,8
 #Journey #BobMarleyTribute ,Instagram,60,30
 #Joy #BrunoMars ,Facebook,55,28
 #Joy #CherishedMoment ,Twitter,40,20
 #Joy #ComedyShow                             ,Facebook,45,22
 #Joy #EndlessSmiles ,Instagram,80,40
 #Joy #SimpleMoments ,Instagram,80,40
 #Joy #SpringtimeColors ,Instagram,70,35
 #Joy #StandUpComedy                         ,Facebook,45,22
 #Joy #WorldCupTriumph ,Instagram,80,40
 #JoyInBaking #HomemadeDelights ,Instagram,45,22
 #JoyfulReunion #Friendship               ,Instagram,40,20
 #Kindness #ActsOfKindness                  ,Twitter,40,20
 #Kindness #Humanity                        ,Twitter,40,20
 #Kindness #HumanityRestored                 ,Facebook,45,22
 #Kindness #LoveStitches ,Facebook,50,25
 #KitchenMemories #SeniorCulinary ,Twitter,40,20
 #KpopFangirl #HighSchoolMusic ,Facebook,40,20
 #LanguageLearning #PersonalGrowth       ,Facebook,50,25
 #LifeChallenges #HighSchoolStruggles ,Twitter,44,22
 #LifeInPictures #SeniorExhibition ,Twitter,45,22
 #LifeLessons #SeniorBlog ,Instagram,45,22
 #LifeWellLived #SeniorWine ,Instagram,55,28
 #LifetimeAdventure #SeniorCuriosity ,Instagram,60,30
 #LifetimeExperiences #SeniorMemoir ,Facebook,70,35
 #Loneliness #CrashingWaves ,Twitter,45,22
 #Loneliness #HeavyHeart                  ,Twitter,35,18
 #Loneliness #Isolation                         ,Facebook,20,10
 #Loneliness #MiragesOfConnection ,Twitter,30,15
 #Loneliness #SeekingConnection              ,Twitter,30,15
 #Loneliness #SolitaryNocturne ,Facebook,72,36
 #Loneliness #StarlessSky ,Instagram,36,18
 #Loneliness #YearningForConnection         ,Instagram,30,15
 #LonelyNights #HighSchoolEmotions ,Instagram,31,16
 #Loss #ForgottenLove ,Twitter,45,22
 #Loss #SilentSurrender ,Instagram,55,28
 #LostLove #PainfulEchoes               ,Facebook,45,22
 #Love #RhythmOfAffection ,Twitter,70,35
 #Love #SpreadLove                            ,Twitter,60,30
 #LoveLetterFail #HighSchoolAwkward ,Facebook,33,17
 #MagicFail #HighSchoolMagic ,Instagram,45,22
 #Marvel #ColorfulStreetMarket          ,Instagram,45,22
 #Melancholy #BittersweetMemories         ,Instagram,26,13
 #Melancholy #QuietSerenade             ,Twitter,35,18
 #Melancholy #SunsetMoments                 ,Instagram,25,12
 #Melancholy #WhispersInTheBreeze         ,Facebook,25,12
 #Melancholy #WistfulHeart                ,Twitter,26,13
 #Melancholy #WistfulYearning             ,Facebook,26,13
 #Melodic #StreetMusic                   ,Twitter,35,18
 #MentalHealth #SelfCare                 ,Twitter,45,22
 #Mesmerizing #NightDancePerformance ,Twitter,80,40
 #MindEnrichment #SeniorLearning ,Twitter,60,30
 #MindfulLiving #SeniorCalm ,Twitter,35,18
 #Mindfulness #LakeTranquility            ,Instagram,70,35
 #Mindfulness #Meditation               ,Twitter,30,15
 #Miscalculation #SwimmingDisappointment ,Instagram,55,28
 #MissedChances #HighSchoolRegret ,Instagram,39,20
 #MissedMoments #HighSchoolRegret ,Facebook,39,20
 #Motivation #FitnessGoals                 ,Facebook,80,40
 #MovieNight #HighSchoolMemories ,Facebook,43,22
 #MovieNight #MustWatch                  ,Instagram,30,15
 #Music #ConcertNight                  ,Instagram,35,18
 #MusicHarmony #SeniorVoices ,Instagram,40,20
 #MusicLover #SeniorConcert ,Facebook,35,18
 #MusicMagic #TeenConcert ,Facebook,55,28
 #MusicTherapy #TeenPlaylist ,Facebook,45,22
 #Nature #Park                            ,Twitter,30,15
 #Nature #Reflection                     ,Facebook,30,15
 #NatureAdventures #HighSchoolFriends ,Instagram,42,21
 #NatureCapture #SeniorMoments ,Instagram,70,35
 #NatureTrailBlazer #SeniorExplorer ,Instagram,55,28
 #NatureWonders #SeniorGarden ,Facebook,50,25
 #NaturesBeauty #FloralJoy ,Instagram,55,28
 #NewYear #FitnessGoals                  ,Instagram,55,28
 #Nostalgia #CherishedMemories ,Twitter,35,18
 #Nostalgia #ChildhoodFavorites           ,Facebook,40,20
 #Nostalgia #ClassicFilmMoments ,Instagram,70,35
 #Nostalgia #DiaryJourney                 ,Facebook,25,12
 #Nostalgia #FamilyPhotoAlbum           ,Instagram,50,25
 #Nostalgia #JournalMoments               ,Twitter,20,10
 #Nostalgia #MemoryLane                     ,Facebook,20,10
 #Nostalgia #OldMemories                     ,Facebook,45,22
 #Nostalgia #PhotoAlbumStories            ,Twitter,25,12
 #Nostalgia #QueenTribute ,Instagram,45,22
 #Nostalgia #YearbookMemories            ,Instagram,25,12
 #Numbness #EmotionalShield               ,Facebook,20,10
 #Numbness #EmotionalShield                 ,Twitter,15,8
 #Numbness #EmotionalStorms ,Instagram,20,10
 #Numbness #EmotionalStorms               ,Instagram,20,10
 #Numbness #StoicFacade                    ,Instagram,15,8
 #Numbness #StoicResilience               ,Twitter,22,11
 #Obstacle #CyclingFrustration ,Twitter,45,22
 #OceansFreedom #SurfingThrills ,Facebook,45,22
 #OnlineGaming #HighSchoolGamer ,Twitter,32,16
 #OnlineHate #HighSchoolReality ,Instagram,36,18
 #OnlineOpinions #HighSchoolCriticism ,Twitter,48,24
 #OpenRoadAdventures #SeniorCycling ,Facebook,50,25
 #Optimism #BrightFuture                  ,Instagram,40,20
 #Optimism #NewWeek                     ,Twitter,30,15
 #OrigamiMaster #HighSchoolArt ,Twitter,36,18
 #OutdoorBeauty #SeniorClicks ,Facebook,35,18
 #OutdoorClassroom #HighSchoolExplorer ,Facebook,55,28
 #Overjoyed #WinterWarmth                  ,Twitter,35,18
 #Overwhelmed #BouldersOfExhaustion ,Instagram,44,22
 #Overwhelmed #DrowningSoul ,Facebook,40,20
 #Overwhelmed #MinotaurOfPressure ,Facebook,44,22
 #Overwhelmed #SupportiveCommunity          ,Facebook,50,25
 #PaperPlaneExpert #HighSchoolArt ,Instagram,30,15
 #Pensive #AncientCivilization           ,Twitter,35,18
 #PetAdoption #FurryFriend               ,Instagram,30,15
 #PhotographyClub #HighSchoolPhotographer ,Instagram,45,22
 #PhotographyJourney #HighSchoolHobbies ,Instagram,49,25
 #PhysicsSurvivor #HighSchoolAdventures ,Instagram,40,20
 #Playful #CarnivalEscapade ,Facebook,144,72
 #Playful #DanceInTheRain ,Facebook,44,22
 #Playful #JugglingResponsibilities ,Instagram,100,50
 #PlayfulJoy #ChildrensPlaydate           ,Facebook,45,22
 #Politics #Debate                       ,Twitter,60,30
 #Positivity #SoulUpliftment ,Instagram,35,18
 #Pressure #GolfDefeat ,Facebook,35,18
 #Pride #Accomplishments                     ,Instagram,25,12
 #Pride #CareerMilestone                  ,Facebook,55,28
 #Pride #FitnessChallengeCompleted          ,Instagram,60,30
 #Pride #IndieFilmSuccess ,Twitter,45,22
 #Pride #JayZAnthem ,Twitter,35,18
 #Pride #Milestone                           ,Instagram,60,30
 #Productivity #WorkFromHome           ,Instagram,60,30
 #ProjectStruggles #HighSchoolHardships ,Facebook,41,21
 #PromDreams #HighSchoolFairytale ,Twitter,60,30
 #Proud #BranchesOfAchievement ,Twitter,50,25
 #Proud #ScalingPeaks ,Twitter,138,69
 #QuietMoments #BookishEscape ,Instagram,70,35
 #Radiance #SpringBlooms                 ,Facebook,100,50
 #RainDance #HighSchoolJoy ,Facebook,50,25
 #RainyDays #Cozy                         ,Facebook,20,10
 #Reading #CoffeeTime                    ,Twitter,45,22
 #Reading #QuietTime                     ,Instagram,30,15
 #Reflection #BoxingDefeat ,Facebook,60,30
 #Reflection #ForgottenEra               ,Twitter,35,18
 #Reflection #Future                     ,Facebook,40,20
 #Reflection #ParisianDreams ,Twitter,55,28
 #Reflection #PersonalGrowth              ,Instagram,70,35
 #Regret #FadingPossibilities ,Twitter,35,18
 #Regret #HauntedPast                    ,Twitter,35,18
 #Regret #MissedChances                       ,Facebook,25,12
 #Regret #PastChoices                        ,Twitter,25,12
 #Regret #PastCurrents ,Instagram,35,18
 #Regret #PathOfRemorse ,Instagram,50,25
 #Rejuvenation #SeasideEscape            ,Twitter,70,36
 #RenewedEffort #BasketballStruggles ,Twitter,45,22
 #Resentment #Bitterness                       ,Instagram,15,7
 #Resentment #BrokenTrust                     ,Facebook,20,10
 #Resentment #Unforgiving                    ,Twitter,20,10
 #Resilience #StandingTall              ,Facebook,70,35
 #Resilience #TightropeWalk ,Twitter,70,35
 #Reverence #ArtAppreciation                  ,Instagram,35,18
 #Reverence #HistoricalSite                   ,Twitter,35,18
 #Reverence #History                           ,Twitter,35,18
 #Reverence #NatureExploration                ,Instagram,35,18
 #RoadTrip #ScenicViews                  ,Instagram,35,18
 #RoadTripDownMemoryLane #SeniorCars ,Facebook,45,22
 #Romance #TimelessCity ,Instagram,40,20
 #Ruins #ShatteredDreams                ,Twitter,40,20
 #RumorMills #HighSchoolDrama ,Facebook,46,23
 #RunForACause #SeniorSupport ,Twitter,60,30
 #RunwayCreativity #FashionInnovation ,Instagram,55,28
 #Sadness #Farewell                          ,Facebook,50,25
 #Sadness #NaturalDisaster                    ,Facebook,50,25
 #Satisfaction #DIYProject                 ,Twitter,50,25
 #Satisfaction #FulfillingEnding ,Twitter,45,22
 #SayingGoodbye #HighSchoolEmotions ,Instagram,42,21
 #SchoolChallenges #HighSchoolStruggles ,Twitter,28,15
 #SchoolClubs #HighSchoolInterests ,Instagram,45,22
 #SchoolEvents #HighSchoolConnectivity ,Twitter,40,20
 #ScienceFair #HighSchoolScience ,Facebook,37,19
 #ScienceFairWinner #HighSchoolScience ,Facebook,39,20
 #ScienceGeek #HighSchoolExperiments ,Twitter,44,23
 #SelfieStruggle #TeenConfessions ,Facebook,45,22
 #Serenity #BookTime                           ,Instagram,45,22
 #Serenity #EdSheeranConcert ,Twitter,35,18
 #Serenity #Meditation                          ,Twitter,35,18
 #Serenity #MoonlitPeace                  ,Instagram,50,25
 #Serenity #MoonlitSerenade ,Twitter,26,13
 #Serenity #NatureRetreat                   ,Twitter,25,12
 #Serenity #NatureWhispers                ,Facebook,50,25
 #Serenity #OceanRetreat                   ,Instagram,50,25
 #Serenity #ParadiseWhispers ,Facebook,45,22
 #Serenity #PeacefulMelody                    ,Twitter,35,18
 #Serenity #RaindropMelody                ,Twitter,50,25
 #Serenity #SunsetHues ,Facebook,45,22
 #Serenity #SunsetViews                       ,Instagram,45,22
 #Serenity #TranquilGarden                ,Facebook,45,22
 #Serenity #TranquilSunset              ,Facebook,55,28
 #Shame #Injustice                           ,Facebook,60,30
 #Shame #Integrity                           ,Twitter,30,15
 #SickDay #Health                        ,Twitter,15,7
 #SkaterLife #HighSchoolSkater ,Twitter,60,30
 #SleepoverFun #HighSchoolMemories ,Twitter,35,18
 #SnackCrisis #TeenLife ,Instagram,35,18
 #SnackNinja #HighSchoolSnacks ,Twitter,55,28
 #SnackSmuggler #HighSchoolSnacks ,Instagram,60,30
 #SocialMediaBlunder #HighSchoolAwkward ,Instagram,45,22
 #Solace #CafeReflection ,Facebook,60,30
 #Solitude #ShadowConversation ,Instagram,60,30
 #Sorrow #AutumnLeaves ,Instagram,45,22
 #Sorrow #SymphonyOfLoss                ,Twitter,35,18
 #SoulfulWriting #SeniorReflections ,Twitter,55,28
 #Spark #InspirationIgnited             ,Facebook,60,30
 #SportsTriumph #HighSchoolAthletics ,Twitter,50,26
 #StagePassion #SeniorTheater ,Facebook,40,20
 #StandUpComedy #HighSchoolTalent ,Instagram,39,21
 #StopCyberbullying #HighSchoolReality ,Facebook,27,14
 #StudyStrategies #HighSchoolExams ,Instagram,42,23
 #StudyingMemes #TeenLife ,Instagram,50,25
 #Success #NightSkyTriumph ,Instagram,45,22
 #Suffering #HeartacheSymphony          ,Facebook,50,25
 #Summer #BeachDays                      ,Facebook,35,18
 #Surprise #Gift                              ,Instagram,50,25
 #Surprise #HiddenGem                      ,Instagram,35,18
 #Surprise #OldFriends                       ,Instagram,50,25
 #Surprise #WonderfulMoment ,Twitter,50,25
 #SurpriseAdventure #HighSchoolFun ,Instagram,38,20
 #SurpriseCelebration #HighSchoolFriendship ,Instagram,48,25
 #SurpriseParty #HighSchoolCelebration ,Instagram,52,27
 #Suspense #CrimeSeriesThrills ,Facebook,70,35
 #Sympathy #GymnasticsFall ,Instagram,55,28
 #TalentShow #HighSchoolEntertainment ,Facebook,38,19
 #TeaTime #Sunset                       ,Twitter,30,15
 #TeamSpirit #HighSchoolProjects ,Facebook,35,18
 #Teamwork #HighSchoolProjects ,Twitter,36,18
 #Tech #Innovation                       ,Twitter,30,15
 #TechIssues #HighSchoolTech ,Instagram,43,22
 #TeenChef #CookingFail ,Instagram,45,22
 #TeenProblems #LostHeadphones ,Twitter,40,20
 #TeenSuccess #ProjectMiracle ,Twitter,55,28
 #Tenderness #CozyEvening                     ,Twitter,50,25
 #Tenderness #FamilyTime                       ,Facebook,50,25
 #Tenderness #LoveNote                         ,Facebook,50,25
 #Tenderness #PetLove                          ,Twitter,50,25
 #TextbookJuggling #HighSchoolSkills ,Facebook,40,22
 #TextingFail #HighSchoolAwkward ,Twitter,35,18
 #Thrill #CulturalCelebration              ,Instagram,80,40
 #Thrill #Formula1Championship ,Twitter,55,28
 #Thrill #RollercoasterAdventure        ,Facebook,45,22
 #Thrill #WildHeartRide ,Instagram,70,35
 #ThrillingJourney #MysteryNovel ,Twitter,45,22
 #TimeCapsule #HighSchoolNostalgia ,Facebook,48,26
 #TimelessTunes #SeniorJazz ,Facebook,50,25
 #TimelessTunes #SeniorJazz ,Instagram,50,25
 #Touched #FamilyDramaMoments ,Instagram,55,28
 #Traffic #Morning                        ,Twitter,10,5
 #Tranquility #SunsetBeauty ,Instagram,80,40
 #Tranquility #ZenWisdom ,Facebook,50,25
 #Travel #Adventure                       ,Facebook,15,8
 #Triumph #BasketballFinals ,Facebook,35,18
 #VR #VirtualReality                     ,Facebook,30,15
 #VRMeetup #VirtualReality               ,Twitter,55,28
 #Vibrancy #MarketStories ,Instagram,45,22
 #VirtualEntertainment #HighSchoolPositivity ,Instagram,47,24
 #WeekendOops #TeenFashion ,Facebook,40,20
 #Whimsy #FairyTaleMagic                 ,Instagram,40,20
 #Whimsy #MagicalWorld                    ,Instagram,40,20
 #WhispersOfThePast #HistoricalTour ,Twitter,70,35
 #WinterBlues #Mood                      ,Instagram,15,8
 #WinterMagic #SnowyLandscapes ,Facebook,60,30
 #WinterSports #Fun                     ,Twitter,30,15
 #Wonder #NatureOrchestra ,Instagram,60,30
 #Wonder #StargazingAdventure            ,Instagram,160,80
 #Wonderment #DoubleRainbow               ,Twitter,70,35
 #Yearning #DistantWarmth ,Instagram,20,10
 #Yearning #HuesOfSunset ,Facebook,20,10
 #Zest #CarefreeSpirit ,Twitter,30,15
 #Zest #FieldsOfEnthusiasm ,Instagram,32,16
#Coding #Coding,Facebook,347832,88651
#Coding #Coding,Instagram,369955,90176
#Coding #Coding,Reddit,361259,93149
#Coding #Coding,Tiktok,392604,99641
#Coding #Coding,Twitter,376529,94159
#Coding #Crypto,Facebook,343072,87101
#Coding #Crypto,Instagram,371115,95253
#Coding #Crypto,Reddit,331929,88830
#Coding #Crypto,Tiktok,405549,100184
#Coding #Crypto,Twitter,382177,94914
#Coding #Fitness,Facebook,385080,96436
#Coding #Fitness,Instagram,395909,93376
#Coding #Fitness,Reddit,332720,90257
#Coding #Fitness,Tiktok,378692,91985
#Coding #Fitness,Twitter,386065,88407
#Coding #Food,Facebook,343109,86825
#Coding #Food,Instagram,421403,96915
#Coding #Food,Reddit,369173,88393
#Coding #Food,Tiktok,343314,76223
#Coding #Food,Twitter,368128,85839
#Coding #Life,Facebook,378109,100309
#Coding #Life,Instagram,325405,83038
#Coding #Life,Reddit,414169,103250
#Coding #Life,Tiktok,379719,98966
#Coding #Life,Twitter,342187,87373
#Coding #Love,Facebook,401183,94530
#Coding #Love,Instagram,377544,94804
#Coding #Love,Reddit,378107,89959
#Coding #Love,Tiktok,378427,95129
#Coding #Love,Twitter,358872,89371
#Coding #Music,Facebook,358438,91942
#Coding #Music,Instagram,407607,96176
#Coding #Music,Reddit,384667,92383
#Coding #Music,Tiktok,389462,92053
#Coding #Music,Twitter,379523,94579
#Coding #Tech,Facebook,342837,82928
#Coding #Tech,Instagram,347576,88591
#Coding #Tech,Reddit,402657,101348
#Coding #Tech,Tiktok,418165,97084
#Coding #Tech,Twitter,355237,91301
#Coding #Travel,Facebook,332504,88192
#Coding #Travel,Instagram,360849,94747
#Coding #Travel,Reddit,394644,95291
#Coding #Travel,Tiktok,378670,98457
#Coding #Travel,Twitter,370435,91458
#Crypto #Coding,Facebook,321097,84540
#Crypto #Coding,Instagram,383534,95859
#Crypto #Coding,Reddit,371981,93693
#Crypto #Coding,Tiktok,367707,101581
#Crypto #Coding,Twitter,363243,97993
#Crypto #Crypto,Facebook,380530,96424
#Crypto #Crypto,Instagram,362607,88625
#Crypto #Crypto,Reddit,349344,86461
#Crypto #Crypto,Tiktok,352073,91011
#Crypto #Crypto,Twitter,390954,92472
#Crypto #Fitness,Facebook,390684,93900
#Crypto #Fitness,Instagram,362216,91637
#Crypto #Fitness,Reddit,391637,87232
#Crypto #Fitness,Tiktok,373867,93443
#Crypto #Fitness,Twitter,395884,96574
#Crypto #Food,Facebook,400272,103119
#Crypto #Food,Instagram,351681,91605
#Crypto #Food,Reddit,360553,95859
#Crypto #Food,Tiktok,390368,94243
#Crypto #Food,Twitter,413144,101474
#Crypto #Life,Facebook,366281,86495
#Crypto #Life,Instagram,363301,89397
#Crypto #Life,Reddit,376654,99005
#Crypto #Life,Tiktok,366361,91973
#Crypto #Life,Twitter,369855,98021
#Crypto #Love,Facebook,373201,96273
#Crypto #Love,Instagram,416993,105914
#Crypto #Love,Reddit,362877,91358
#Crypto #Love,Tiktok,383394,96071
#Crypto #Love,Twitter,365158,86241
#Crypto #Music,Facebook,338548,83305
#Crypto #Music,Instagram,363847,83251
#Crypto #Music,Reddit,379584,91760
#Crypto #Music,Tiktok,365461,91038
#Crypto #Music,Twitter,383996,96573
#Crypto #Tech,Facebook,354791,91745
#Crypto #Tech,Instagram,351790,96251
#Crypto #Tech,Reddit,386906,97651
#Crypto #Tech,Tiktok,384164,94229
#Crypto #Tech,Twitter,341526,92589
#Crypto #Travel,Facebook,408457,96171
#Crypto #Travel,Instagram,357383,91596
#Crypto #Travel,Reddit,396711,96977
#Crypto #Travel,Tiktok,322599,85628
#Crypto #Travel,Twitter,366517,94769
#Fitness #Coding,Facebook,357331,98043
#Fitness #Coding,Instagram,338077,90111
#Fitness #Coding,Reddit,373085,94301
#Fitness #Coding,Tiktok,386708,88561
#Fitness #Coding,Twitter,363598,89726
#Fitness #Crypto,Facebook,395805,95448
#Fitness #Crypto,Instagram,401061,101104
#Fitness #Crypto,Reddit,359479,90899
#Fitness #Crypto,Tiktok,372046,96554
#Fitness #Crypto,Twitter,350549,92203
#Fitness #Fitness,Facebook,362600,92494
#Fitness #Fitness,Instagram,366211,98119
#Fitness #Fitness,Reddit,394758,90847
#Fitness #Fitness,Tiktok,387674,98725
#Fitness #Fitness,Twitter,371523,99716
#Fitness #Food,Facebook,359687,85571
#Fitness #Food,Instagram,332092,80730
#Fitness #Food,Reddit,379528,91438
#Fitness #Food,Tiktok,349015,91614
#Fitness #Food,Twitter,375016,91178
#Fitness #Life,Facebook,365637,93356
#Fitness #Life,Instagram,386129,99145
#Fitness #Life,Reddit,334673,87437
#Fitness #Life,Tiktok,390882,91665
#Fitness #Life,Twitter,344560,91627
#Fitness #Love,Facebook,371425,88711
#Fitness #Love,Instagram,397326,97570
#Fitness #Love,Reddit,382587,92624
#Fitness #Love,Tiktok,367129,94004
#Fitness #Love,Twitter,389752,90643
#Fitness #Music,Facebook,350496,92518
#Fitness #Music,Instagram,376673,90074
#Fitness #Music,Reddit,372524,97619
#Fitness #Music,Tiktok,355781,90295
#Fitness #Music,Twitter,389960,94233
#Fitness #Tech,Facebook,390310,100173
#Fitness #Tech,Instagram,340115,86210
#Fitness #Tech,Reddit,402936,103427
#Fitness #Tech,Tiktok,346301,85136
#Fitness #Tech,Twitter,340677,84613
#Fitness #Travel,Facebook,381778,93992
#Fitness #Travel,Instagram,395853,100372
#Fitness #Travel,Reddit,335722,89560
#Fitness #Travel,Tiktok,371642,96113
#Fitness #Travel,Twitter,375886,95821
#Food #Coding,Facebook,347218,92238
#Food #Coding,Instagram,396181,97560
#Food #Coding,Reddit,378613,93267
#Food #Coding,Tiktok,350350,90142
#Food #Coding,Twitter,351640,87238
#Food #Crypto,Facebook,361056,89500
#Food #Crypto,Instagram,394536,99815
#Food #Crypto,Reddit,338344,82195
#Food #Crypto,Tiktok,415734,100187
#Food #Crypto,Twitter,385546,91192
#Food #Fitness,Facebook,351838,93042
#Food #Fitness,Instagram,375288,89144
#Food #Fitness,Reddit,361123,92215
#Food #Fitness,Tiktok,380535,95885
#Food #Fitness,Twitter,366122,89490
#Food #Food,Facebook,385128,95581
#Food #Food,Instagram,349304,84398
#Food #Food,Reddit,396194,95192
#Food #Food,Tiktok,364565,83302
#Food #Food,Twitter,337615,87909
#Food #Life,Facebook,396807,98184
#Food #Life,Instagram,372597,90270
#Food #Life,Reddit,374777,92113
#Food #Life,Tiktok,365677,92183
#Food #Life,Twitter,355746,82714
#Food #Love,Facebook,361061,94303
#Food #Love,Instagram,372330,86880
#Food #Love,Reddit,354896,89330
#Food #Love,Tiktok,357087,87637
#Food #Love,Twitter,363789,90510
#Food #Music,Facebook,386206,91767
#Food #Music,Instagram,364925,87350
#Food #Music,Reddit,358146,85459
#Food #Music,Tiktok,374081,93230
#Food #Music,Twitter,358455,82505
#Food #Tech,Facebook,367476,90107
#Food #Tech,Instagram,398709,88939
#Food #Tech,Reddit,362209,89139
#Food #Tech,Tiktok,389897,99337
#Food #Tech,Twitter,358159,90998
#Food #Travel,Facebook,379461,95506
#Food #Travel,Instagram,377435,95153
#Food #Travel,Reddit,381605,94157
#Food #Travel,Tiktok,350143,88803
#Food #Travel,Twitter,415168,104441
#Life #Coding,Facebook,320417,86066
#Life #Coding,Instagram,357248,82908
#Life #Coding,Reddit,376379,92555
#Life #Coding,Tiktok,353772,94908
#Life #Coding,Twitter,398896,104365
#Life #Crypto,Facebook,354143,100509
#Life #Crypto,Instagram,375570,94459
#Life #Crypto,Reddit,372682,89753
#Life #Crypto,Tiktok,350642,95689
#Life #Crypto,Twitter,375259,95504
#Life #Fitness,Facebook,370256,93763
#Life #Fitness,Instagram,375293,99102
#Life #Fitness,Reddit,362860,97158
#Life #Fitness,Tiktok,351195,91832
#Life #Fitness,Twitter,356062,84144
#Life #Food,Facebook,382178,95068
#Life #Food,Instagram,374780,96998
#Life #Food,Reddit,384365,93324
#Life #Food,Tiktok,360409,89409
#Life #Food,Twitter,398971,94136
#Life #Life,Facebook,408197,101883
#Life #Life,Instagram,387476,92514
#Life #Life,Reddit,398071,95940
#Life #Life,Tiktok,366907,97518
#Life #Life,Twitter,359861,90954
#Life #Love,Facebook,354265,94975
#Life #Love,Instagram,396877,98096
#Life #Love,Reddit,326584,80846
#Life #Love,Tiktok,387645,97537
#Life #Love,Twitter,394176,93473
#Life #Music,Facebook,383200,93383
#Life #Music,Instagram,364865,92507
#Life #Music,Reddit,365460,104755
#Life #Music,Tiktok,377216,93726
#Life #Music,Twitter,417611,101335
#Life #Tech,Facebook,372523,97312
#Life #Tech,Instagram,402099,95546
#Life #Tech,Reddit,387074,98332
#Life #Tech,Tiktok,337917,91115
#Life #Tech,Twitter,346873,92361
#Life #Travel,Facebook,382490,97234
#Life #Travel,Instagram,376018,99092
#Life #Travel,Reddit,351302,91084
#Life #Travel,Tiktok,381216,90065
#Life #Travel,Twitter,389277,97577
#Love #Coding,Facebook,370738,93099
#Love #Coding,Instagram,385636,103617
#Love #Coding,Reddit,360876,89128
#Love #Coding,Tiktok,355339,93237
#Love #Coding,Twitter,378747,95030
#Love #Crypto,Facebook,361595,83065
#Love #Crypto,Instagram,370492,96256
#Love #Crypto,Reddit,366593,92027
#Love #Crypto,Tiktok,361629,88398
#Love #Crypto,Twitter,378985,88425
#Love #Fitness,Facebook,400412,101894
#Love #Fitness,Instagram,381444,95998
#Love #Fitness,Reddit,351960,86294
#Love #Fitness,Tiktok,387065,99122
#Love #Fitness,Twitter,367573,94020
#Love #Food,Facebook,312936,87237
#Love #Food,Instagram,353922,88511
#Love #Food,Reddit,375369,89004
#Love #Food,Tiktok,373636,94773
#Love #Food,Twitter,400768,100031
#Love #Life,Facebook,394094,95938
#Love #Life,Instagram,430844,106280
#Love #Life,Reddit,391464,94705
#Love #Life,Tiktok,362025,88928
#Love #Life,Twitter,370948,100055
#Love #Love,Facebook,392932,94049
#Love #Love,Instagram,405450,99386
#Love #Love,Reddit,343427,87541
#Love #Love,Tiktok,364869,93561
#Love #Love,Twitter,394001,94903
#Love #Music,Facebook,357146,89114
#Love #Music,Instagram,367267,94269
#Love #Music,Reddit,371455,90617
#Love #Music,Tiktok,381549,84003
#Love #Music,Twitter,333080,78588
#Love #Tech,Facebook,374897,97242
#Love #Tech,Instagram,375608,98569
#Love #Tech,Reddit,346648,85783
#Love #Tech,Tiktok,371870,94407
#Love #Tech,Twitter,377553,99148
#Love #Travel,Facebook,386052,90793
#Love #Travel,Instagram,357129,83139
#Love #Travel,Reddit,385571,97620
#Love #Travel,Tiktok,340389,93962
#Love #Travel,Twitter,362846,89283
#Music #Coding,Facebook,351784,82256
#Music #Coding,Instagram,366198,90488
#Music #Coding,Reddit,412184,98712
#Music #Coding,Tiktok,331426,83008
#Music #Coding,Twitter,354279,89322
#Music #Crypto,Facebook,411674,96811
#Music #Crypto,Instagram,370346,90582
#Music #Crypto,Reddit,369865,91863
#Music #Crypto,Tiktok,377108,87082
#Music #Crypto,Twitter,373129,93735
#Music #Fitness,Facebook,408263,97577
#Music #Fitness,Instagram,424075,98989
#Music #Fitness,Reddit,381199,94314
#Music #Fitness,Tiktok,384069,90229
#Music #Fitness,Twitter,372946,84851
#Music #Food,Facebook,384514,99542
#Music #Food,Instagram,311664,83781
#Music #Food,Reddit,349699,96651
#Music #Food,Tiktok,373184,87359
#Music #Food,Twitter,380209,92152
#Music #Life,Facebook,384828,90334
#Music #Life,Instagram,353987,101295
#Music #Life,Reddit,355856,92408
#Music #Life,Tiktok,399350,98127
#Music #Life,Twitter,397499,94299
#Music #Love,Facebook,408389,97773
#Music #Love,Instagram,389079,100217
#Music #Love,Reddit,358916,92311
#Music #Love,Tiktok,382356,87717
#Music #Love,Twitter,357988,85199
#Music #Music,Facebook,340097,86172
#Music #Music,Instagram,434411,106814
#Music #Music,Reddit,383752,94642
#Music #Music,Tiktok,372922,88796
#Music #Music,Twitter,365887,87020
#Music #Tech,Facebook,360351,83058
#Music #Tech,Instagram,400681,94183
#Music #Tech,Reddit,386411,90926
#Music #Tech,Tiktok,347972,92594
#Music #Tech,Twitter,350715,87516
#Music #Travel,Facebook,384683,97686
#Music #Travel,Instagram,359756,87149
#Music #Travel,Reddit,402556,91922
#Music #Travel,Tiktok,339358,89374
#Music #Travel,Twitter,355897,90166
#Tech #Coding,Facebook,381167,95420
#Tech #Coding,Instagram,362143,93496
#Tech #Coding,Reddit,391003,91072
#Tech #Coding,Tiktok,349953,87864
#Tech #Coding,Twitter,343024,86714
#Tech #Crypto,Facebook,328435,86061
#Tech #Crypto,Instagram,397877,99097
#Tech #Crypto,Reddit,367089,90455
#Tech #Crypto,Tiktok,372694,96023
#Tech #Crypto,Twitter,347831,97242
#Tech #Fitness,Facebook,368422,95036
#Tech #Fitness,Instagram,360731,85009
#Tech #Fitness,Reddit,366942,96290
#Tech #Fitness,Tiktok,409187,97004
#Tech #Fitness,Twitter,373833,95791
#Tech #Food,Facebook,386988,92022
#Tech #Food,Instagram,342889,78443
#Tech #Food,Reddit,369108,90924
#Tech #Food,Tiktok,345322,86578
#Tech #Food,Twitter,318322,88232
#Tech #Life,Facebook,326429,89212
#Tech #Life,Instagram,374177,90404
#Tech #Life,Reddit,355883,91193
#Tech #Life,Tiktok,361190,87587
#Tech #Life,Twitter,334248,83771
#Tech #Love,Facebook,377067,95068
#Tech #Love,Instagram,413156,108640
#Tech #Love,Reddit,352547,87880
#Tech #Love,Tiktok,369503,90288
#Tech #Love,Twitter,382267,91726
#Tech #Music,Facebook,384157,99256
#Tech #Music,Instagram,380566,92156
#Tech #Music,Reddit,368805,92315
#Tech #Music,Tiktok,360081,90009
#Tech #Music,Twitter,356590,84911
#Tech #Tech,Facebook,402295,95479
#Tech #Tech,Instagram,352666,99504
#Tech #Tech,Reddit,348980,93302
#Tech #Tech,Tiktok,386929,93309
#Tech #Tech,Twitter,361560,91661
#Tech #Travel,Facebook,365899,93708
#Tech #Travel,Instagram,406482,101306
#Tech #Travel,Reddit,355342,90541
#Tech #Travel,Tiktok,315084,85394
#Tech #Travel,Twitter,370870,101136
#Travel #Coding,Facebook,415211,106385
#Travel #Coding,Instagram,371804,90294
#Travel #Coding,Reddit,381544,94165
#Travel #Coding,Tiktok,364008,90388
#Travel #Coding,Twitter,352695,90948
#Travel #Crypto,Facebook,350795,94042
#Travel #Crypto,Instagram,356556,92112
#Travel #Crypto,Reddit,348830,86172
#Travel #Crypto,Tiktok,330826,79611
#Travel #Crypto,Twitter,400608,96669
#Travel #Fitness,Facebook,384475,97201
#Travel #Fitness,Instagram,378021,93537
#Travel #Fitness,Reddit,356864,90615
#Travel #Fitness,Tiktok,351103,86996
#Travel #Fitness,Twitter,345865,84341
#Travel #Food,Facebook,338477,89003
#Travel #Food,Instagram,401436,103860
#Travel #Food,Reddit,365386,84007
#Travel #Food,Tiktok,380127,95534
#Travel #Food,Twitter,389257,92095
#Travel #Life,Facebook,345659,88946
#Travel #Life,Instagram,380228,94185
#Travel #Life,Reddit,358244,89948
#Travel #Life,Tiktok,363931,95734
#Travel #Life,Twitter,365053,90497
#Travel #Love,Facebook,338718,85552
#Travel #Love,Instagram,378102,99742
#Travel #Love,Reddit,379911,95837
#Travel #Love,Tiktok,382044,98930
#Travel #Love,Twitter,372932,93177
#Travel #Music,Facebook,426180,102531
#Travel #Music,Instagram,382439,98746
#Travel #Music,Reddit,360949,99287
#Travel #Music,Tiktok,370020,91692
#Travel #Music,Twitter,374771,85283
#Travel #Tech,Facebook,371706,93054
#Travel #Tech,Instagram,379440,99953
#Travel #Tech,Reddit,325856,88373
#Travel #Tech,Tiktok,391878,91352
#Travel #Tech,Twitter,385454,93795
#Travel #Travel,Facebook,315099,83031
#Travel #Travel,Instagram,372753,93989
#Travel #Travel,Reddit,375581,90504
#Travel #Travel,Tiktok,343241,82621
#Travel #Travel,Twitter,403227,100759
